file,condition,mean,std,min,max,n_turns
CONVERSATION_RESUME_Alice_Leader_Ranger.txt,baseline,0.5242724716663361,0.09508338760983633,0.32109177112579346,0.668923020362854,11
CONVERSATION_RESUME_Lorelai_ProPeace_Ranger.txt,baseline,0.46414587944746016,0.16257296742103458,0.20948733389377594,0.7301221489906311,10
CONVERSATION_RESUME_Roxanne_Leader_Downside.txt,baseline,0.5136201878388723,0.07878435732862175,0.3345149755477905,0.6005857586860657,9
CONVERSATION_RESUME_Tiana_AntiPeace_Ranger.txt,baseline,0.5123219907283783,0.14127425295610171,0.20414239168167114,0.6942166686058044,10
CONVERSATION_RESUME_Ursula_AntiPeace_Downside.txt,baseline,0.5776341557502747,0.1261832562783291,0.3612375557422638,0.7496960163116455,10
CONVERSATION_RESUME_Yasmin_ProPeace_Downside.txt,baseline,0.517503903971778,0.08774029600314949,0.3927806317806244,0.6447505950927734,9
CONVERSATION_RESUME_Alice_Leader_Ranger.txt,baseline,0.5940535694360733,0.06828157775496384,0.45601192116737366,0.7038325667381287,10
CONVERSATION_RESUME_Lorelai_ProPeace_Ranger.txt,baseline,0.5901056528091431,0.09407266666318241,0.4475320279598236,0.7230401039123535,10
CONVERSATION_RESUME_Roxanne_Leader_Downside.txt,baseline,0.5854313731193542,0.11015725145330964,0.36689019203186035,0.7386782169342041,10
CONVERSATION_RESUME_Tiana_AntiPeace_Ranger.txt,baseline,0.5283427625894547,0.09658031689223605,0.36311793327331543,0.6825678944587708,10
CONVERSATION_RESUME_Ursula_AntiPeace_Downside.txt,baseline,0.6966913243134817,0.08117118601442826,0.5146532654762268,0.8105484247207642,12
CONVERSATION_RESUME_Yasmin_ProPeace_Downside.txt,baseline,0.6237179438273112,0.1019444431930541,0.4420315623283386,0.8065317273139954,12
CONVERSATION_RESUME_Alice_Leader_Ranger.txt,baseline,0.5903038680553436,0.08745683102743736,0.38355737924575806,0.7030730843544006,10
CONVERSATION_RESUME_Lorelai_ProPeace_Ranger.txt,baseline,0.5611552119255065,0.1260797388984818,0.3364945352077484,0.745747447013855,10
CONVERSATION_RESUME_Roxanne_Leader_Downside.txt,baseline,0.515838372707367,0.04189652115546765,0.446283757686615,0.5879144072532654,10
CONVERSATION_RESUME_Tiana_AntiPeace_Ranger.txt,baseline,0.5203473806381226,0.0744881200006974,0.39209410548210144,0.6387389898300171,10
CONVERSATION_RESUME_Ursula_AntiPeace_Downside.txt,baseline,0.6302967727184295,0.06807213120128354,0.45688027143478394,0.7297850251197815,10
CONVERSATION_RESUME_Yasmin_ProPeace_Downside.txt,baseline,0.5915510714054107,0.13325435090615045,0.224928617477417,0.719207763671875,10
CONVERSATION_RESUME_Alice_Leader_Ranger.txt,baseline,0.5603082254528999,0.14130732557218528,0.25100818276405334,0.7108153700828552,8
CONVERSATION_RESUME_Lorelai_ProPeace_Ranger.txt,baseline,0.5887300744652748,0.12279384716581107,0.3059716522693634,0.6672005653381348,8
CONVERSATION_RESUME_Roxanne_Leader_Downside.txt,baseline,0.5724111710275922,0.14484191497968202,0.29304051399230957,0.727969765663147,7
CONVERSATION_RESUME_Tiana_AntiPeace_Ranger.txt,baseline,0.5593602247536182,0.1374537703267778,0.2930203676223755,0.7491774559020996,8
CONVERSATION_RESUME_Ursula_AntiPeace_Downside.txt,baseline,0.5799423642456532,0.14432812992882646,0.27746590971946716,0.7403514385223389,8
CONVERSATION_RESUME_Yasmin_ProPeace_Downside.txt,baseline,0.5804929174482822,0.12843255494567066,0.3196585774421692,0.6918131709098816,8
CONVERSATION_RESUME_Alice_Leader_Ranger.txt,baseline,0.5797354016039107,0.1610668444846604,0.23284295201301575,0.8366348743438721,9
CONVERSATION_RESUME_Lorelai_ProPeace_Ranger.txt,baseline,0.6022622473537922,0.1399269822835057,0.2787618935108185,0.7406495809555054,8
CONVERSATION_RESUME_Roxanne_Leader_Downside.txt,baseline,0.59598333761096,0.13045789212081607,0.285112589597702,0.7190850377082825,8
CONVERSATION_RESUME_Tiana_AntiPeace_Ranger.txt,baseline,0.561044480651617,0.13821913380100556,0.2930203676223755,0.7030900120735168,8
CONVERSATION_RESUME_Ursula_AntiPeace_Downside.txt,baseline,0.5563675537705421,0.12371567794052125,0.2926802635192871,0.6647010445594788,8
CONVERSATION_RESUME_Yasmin_ProPeace_Downside.txt,baseline,0.579122219234705,0.12572807231297156,0.27362874150276184,0.699252188205719,8
CONVERSATION_RESUME_Alice_Leader_Ranger.txt,baseline,0.5766523685306311,0.15329081720513188,0.22746573388576508,0.7210272550582886,8
CONVERSATION_RESUME_Lorelai_ProPeace_Ranger.txt,baseline,0.5893783383071423,0.14148537828816607,0.2989908754825592,0.7701685428619385,8
CONVERSATION_RESUME_Roxanne_Leader_Downside.txt,baseline,0.5573627650737762,0.1433592872333317,0.26160937547683716,0.7323987483978271,8
CONVERSATION_RESUME_Tiana_AntiPeace_Ranger.txt,baseline,0.5607967972755432,0.12884454899444928,0.28885650634765625,0.6736945509910583,8
CONVERSATION_RESUME_Ursula_AntiPeace_Downside.txt,baseline,0.5326856821775436,0.12692686694847663,0.2656424939632416,0.6668925881385803,8
CONVERSATION_RESUME_Yasmin_ProPeace_Downside.txt,baseline,0.5953024253249168,0.13048511951567007,0.2913784980773926,0.724044919013977,8
CONVERSATION_RESUME_Alice_Leader_Ranger.txt,baseline,0.6285726055502892,0.10252567332531883,0.44068020582199097,0.7620312571525574,8
CONVERSATION_RESUME_Lorelai_ProPeace_Ranger.txt,baseline,0.6348944455385208,0.09508178702449531,0.41152793169021606,0.7152524590492249,8
CONVERSATION_RESUME_Roxanne_Leader_Downside.txt,baseline,0.6141244545578957,0.12678709664248605,0.4030032455921173,0.7896423935890198,8
CONVERSATION_RESUME_Tiana_AntiPeace_Ranger.txt,baseline,0.6698379367589951,0.08245316023272174,0.5398997068405151,0.7808542251586914,8
CONVERSATION_RESUME_Ursula_AntiPeace_Downside.txt,baseline,0.6881307996809483,0.09915215919061801,0.4914063513278961,0.8375069499015808,8
CONVERSATION_RESUME_Yasmin_ProPeace_Downside.txt,baseline,0.6291130371391773,0.10924541258215864,0.42014870047569275,0.7359744310379028,8
CONVERSATION_RESUME_Alice_Leader_Ranger.txt,baseline,0.6408490724861622,0.09926723823068148,0.4499646723270416,0.746346116065979,8
CONVERSATION_RESUME_Lorelai_ProPeace_Ranger.txt,baseline,0.6156783401966095,0.10393297735103874,0.4484183192253113,0.7296395301818848,8
CONVERSATION_RESUME_Roxanne_Leader_Downside.txt,baseline,0.6206197887659073,0.08323609332019904,0.4714675545692444,0.715253472328186,8
CONVERSATION_RESUME_Tiana_AntiPeace_Ranger.txt,baseline,0.6548741095595889,0.09668910736805746,0.47448423504829407,0.7935652136802673,9
CONVERSATION_RESUME_Ursula_AntiPeace_Downside.txt,baseline,0.683348936694009,0.12035416467592995,0.40796101093292236,0.7846052050590515,7
CONVERSATION_RESUME_Yasmin_ProPeace_Downside.txt,baseline,0.6100739799439907,0.09060703442346735,0.4178985059261322,0.7232280969619751,8
CONVERSATION_RESUME_Alice_Leader_Ranger.txt,baseline,0.6302511692047119,0.11512157633330802,0.35103482007980347,0.7259188294410706,8
CONVERSATION_RESUME_Lorelai_ProPeace_Ranger.txt,baseline,0.6140599325299263,0.10473866087133897,0.4273311197757721,0.7235085368156433,8
CONVERSATION_RESUME_Roxanne_Leader_Downside.txt,baseline,0.6043691635131836,0.09168319081829658,0.4193460941314697,0.7387924194335938,8
CONVERSATION_RESUME_Tiana_AntiPeace_Ranger.txt,baseline,0.6518934480845928,0.09008265865751762,0.46715012192726135,0.7590429186820984,8
CONVERSATION_RESUME_Ursula_AntiPeace_Downside.txt,baseline,0.7217029333114624,0.12923828395864653,0.4039576053619385,0.8596752882003784,9
CONVERSATION_RESUME_Yasmin_ProPeace_Downside.txt,baseline,0.6501915901899338,0.08594528514371967,0.5195942521095276,0.7702758312225342,8
CONVERSATION_RESUME_Alice_Leader_Ranger.txt,baseline,0.6438272669911385,0.06203385702260917,0.5048764944076538,0.7072197198867798,8
CONVERSATION_RESUME_Lorelai_ProPeace_Ranger.txt,baseline,0.6205261088907719,0.13656869820177445,0.2990218698978424,0.7448672652244568,8
CONVERSATION_RESUME_Roxanne_Leader_Downside.txt,baseline,0.6108751185238361,0.06915299992667392,0.47507402300834656,0.6934797167778015,8
CONVERSATION_RESUME_Tiana_AntiPeace_Ranger.txt,baseline,0.6205428279936314,0.10802675010295079,0.3919362723827362,0.7554488778114319,8
CONVERSATION_RESUME_Ursula_AntiPeace_Downside.txt,baseline,0.6069641411304474,0.05195407059023451,0.5362911820411682,0.6708552837371826,8
CONVERSATION_RESUME_Yasmin_ProPeace_Downside.txt,baseline,0.6113592199981213,0.10801539215701132,0.3681706488132477,0.7196561098098755,8
CONVERSATION_RESUME_Alice_Leader_Ranger.txt,baseline,0.6184890419244766,0.08669597803069069,0.4822007715702057,0.6984879374504089,8
CONVERSATION_RESUME_Lorelai_ProPeace_Ranger.txt,baseline,0.6072762347757816,0.08006883727706597,0.44393518567085266,0.7176400423049927,8
CONVERSATION_RESUME_Roxanne_Leader_Downside.txt,baseline,0.6135150566697121,0.07410414900089042,0.5015082359313965,0.7327017188072205,8
CONVERSATION_RESUME_Tiana_AntiPeace_Ranger.txt,baseline,0.6336330361664295,0.12819032024994767,0.35603323578834534,0.7357484698295593,8
CONVERSATION_RESUME_Ursula_AntiPeace_Downside.txt,baseline,0.6354709677398205,0.07503245034615397,0.49494853615760803,0.7564261555671692,8
CONVERSATION_RESUME_Yasmin_ProPeace_Downside.txt,baseline,0.6164675913751125,0.1253913373359043,0.34198853373527527,0.7590724229812622,8
CONVERSATION_RESUME_Alice_Leader_Ranger.txt,baseline,0.6461263336241245,0.0762818839424346,0.4860576093196869,0.7168477177619934,8
CONVERSATION_RESUME_Lorelai_ProPeace_Ranger.txt,baseline,0.6133782602846622,0.13105417144350676,0.361657977104187,0.756607711315155,8
CONVERSATION_RESUME_Roxanne_Leader_Downside.txt,baseline,0.6207822039723396,0.07575968617402283,0.47686779499053955,0.7163746953010559,8
CONVERSATION_RESUME_Tiana_AntiPeace_Ranger.txt,baseline,0.6521810926496983,0.11375095868516907,0.44102874398231506,0.756580650806427,8
CONVERSATION_RESUME_Ursula_AntiPeace_Downside.txt,baseline,0.6486676409840584,0.12159989762135265,0.403539776802063,0.8273824453353882,8
CONVERSATION_RESUME_Yasmin_ProPeace_Downside.txt,baseline,0.6210182867944241,0.1313276781027122,0.30371084809303284,0.7322022318840027,8
CONVERSATION_RESUME_Alice_Leader_Ranger.txt,baseline,0.6030702777206898,0.1258424676006571,0.31942102313041687,0.7509289383888245,8
CONVERSATION_RESUME_Lorelai_ProPeace_Ranger.txt,baseline,0.6326334439218044,0.11650242997013696,0.3609776198863983,0.7505029439926147,8
CONVERSATION_RESUME_Roxanne_Leader_Downside.txt,baseline,0.590994831174612,0.0740558628259738,0.47646620869636536,0.7003729343414307,8
CONVERSATION_RESUME_Tiana_AntiPeace_Ranger.txt,baseline,0.6642753891646862,0.09469874197494704,0.49665167927742004,0.7970229983329773,8
CONVERSATION_RESUME_Ursula_AntiPeace_Downside.txt,baseline,0.5844659879803658,0.0987125286459969,0.38941752910614014,0.7030067443847656,8
CONVERSATION_RESUME_Yasmin_ProPeace_Downside.txt,baseline,0.59549380838871,0.07085511925442979,0.4724917411804199,0.6842032670974731,8
CONVERSATION_RESUME_Alice_Leader_Ranger.txt,baseline,0.6075362339615822,0.047224613373044864,0.5225368142127991,0.6716806888580322,8
CONVERSATION_RESUME_Lorelai_ProPeace_Ranger.txt,baseline,0.6092272885143757,0.08737695428138198,0.4331749975681305,0.7446892857551575,8
CONVERSATION_RESUME_Roxanne_Leader_Downside.txt,baseline,0.5777925811707973,0.08739896302932926,0.41781869530677795,0.6829378604888916,8
CONVERSATION_RESUME_Tiana_AntiPeace_Ranger.txt,baseline,0.6104759760200977,0.08075112891201076,0.4871661365032196,0.7724644541740417,8
CONVERSATION_RESUME_Ursula_AntiPeace_Downside.txt,baseline,0.6388538926839828,0.128302063076544,0.44190627336502075,0.8060874342918396,8
CONVERSATION_RESUME_Yasmin_ProPeace_Downside.txt,baseline,0.6074465289711952,0.13683643516982186,0.3270919620990753,0.748261034488678,8
CONVERSATION_RESUME_Alice_Leader_Ranger.txt,baseline,0.567278902977705,0.05878211489878411,0.4794052541255951,0.6589315533638,8
CONVERSATION_RESUME_Lorelai_ProPeace_Ranger.txt,baseline,0.6129621937870979,0.056854067778888386,0.5421075820922852,0.6834125518798828,8
CONVERSATION_RESUME_Roxanne_Leader_Downside.txt,baseline,0.6057104021310806,0.058024922634066056,0.5241641402244568,0.7167741656303406,8
CONVERSATION_RESUME_Tiana_AntiPeace_Ranger.txt,baseline,0.6105855070054531,0.08942142465221954,0.43275484442710876,0.741629958152771,8
CONVERSATION_RESUME_Ursula_AntiPeace_Downside.txt,baseline,0.5913492292165756,0.08788769436506816,0.4022647738456726,0.7427386045455933,8
CONVERSATION_RESUME_Yasmin_ProPeace_Downside.txt,baseline,0.6601208262145519,0.14867042037638803,0.3074171841144562,0.7864413857460022,8
CONVERSATION_RESUME_Alice_Leader_Ranger.txt,scaffold,0.6189170002937316,0.0602028488472369,0.5202800035476685,0.7459691166877747,10
CONVERSATION_RESUME_Lorelai_ProPeace_Ranger.txt,scaffold,0.5509536504745484,0.10115597623627852,0.38206344842910767,0.7354759573936462,10
CONVERSATION_RESUME_Roxanne_Leader_Downside.txt,scaffold,0.5739993155002594,0.1225085860034516,0.308926522731781,0.6922474503517151,10
CONVERSATION_RESUME_Tiana_AntiPeace_Ranger.txt,scaffold,0.5662589172522227,0.10919097000123154,0.4204446077346802,0.7399675846099854,9
CONVERSATION_RESUME_Ursula_AntiPeace_Downside.txt,scaffold,0.6386797070503235,0.14213920321397885,0.3109084963798523,0.8179771304130554,10
CONVERSATION_RESUME_Yasmin_ProPeace_Downside.txt,scaffold,0.5033148716796528,0.19437842741823888,0.19194453954696655,0.7479750514030457,11
CONVERSATION_RESUME_Alice_Leader_Ranger.txt,scaffold,0.550945594906807,0.12440584585858537,0.28543850779533386,0.7401301264762878,10
CONVERSATION_RESUME_Lorelai_ProPeace_Ranger.txt,scaffold,0.569483757019043,0.06608395807734306,0.47628867626190186,0.6692202091217041,11
CONVERSATION_RESUME_Roxanne_Leader_Downside.txt,scaffold,0.6348529189825058,0.12983751898728696,0.3411025106906891,0.7899291515350342,10
CONVERSATION_RESUME_Tiana_AntiPeace_Ranger.txt,scaffold,0.6080873148007826,0.08697587589579647,0.3887224495410919,0.7087621092796326,11
CONVERSATION_RESUME_Ursula_AntiPeace_Downside.txt,scaffold,0.6903724724596197,0.11818234688602626,0.3909028172492981,0.7909268140792847,11
CONVERSATION_RESUME_Yasmin_ProPeace_Downside.txt,scaffold,0.5827737574776014,0.09268629257143948,0.45154064893722534,0.724496066570282,12
CONVERSATION_RESUME_Alice_Leader_Ranger.txt,scaffold,0.6255362903078397,0.0995180596224058,0.40456533432006836,0.7540441155433655,12
CONVERSATION_RESUME_Lorelai_ProPeace_Ranger.txt,scaffold,0.5975846111774444,0.08696039427035025,0.43822988867759705,0.7292528748512268,10
CONVERSATION_RESUME_Roxanne_Leader_Downside.txt,scaffold,0.5897624823782179,0.0879201169649439,0.40755128860473633,0.7031058669090271,9
CONVERSATION_RESUME_Tiana_AntiPeace_Ranger.txt,scaffold,0.5864074013449929,0.05661341757585138,0.5149833559989929,0.7172058820724487,11
CONVERSATION_RESUME_Ursula_AntiPeace_Downside.txt,scaffold,0.6013904132626273,0.12007144688696264,0.41180339455604553,0.7928848266601562,11
CONVERSATION_RESUME_Yasmin_ProPeace_Downside.txt,scaffold,0.497121747997072,0.10294050237628394,0.33569687604904175,0.6862669587135315,9
CONVERSATION_RESUME_Alice_Leader_Ranger.txt,scaffold,0.6177436113357544,0.14196837700514156,0.27886658906936646,0.8086792826652527,8
CONVERSATION_RESUME_Lorelai_ProPeace_Ranger.txt,scaffold,0.6461201707522074,0.11600689390775949,0.3825998306274414,0.7469469904899597,9
CONVERSATION_RESUME_Roxanne_Leader_Downside.txt,scaffold,0.5439178682863712,0.13966181752386805,0.3355129063129425,0.7125350832939148,8
CONVERSATION_RESUME_Tiana_AntiPeace_Ranger.txt,scaffold,0.6022384651005268,0.11496255456898177,0.3341839015483856,0.7380322813987732,8
CONVERSATION_RESUME_Ursula_AntiPeace_Downside.txt,scaffold,0.584579337388277,0.14888397128612527,0.3014739155769348,0.7595953941345215,8
CONVERSATION_RESUME_Yasmin_ProPeace_Downside.txt,scaffold,0.5908394418656826,0.1462050654591542,0.26327595114707947,0.7373169660568237,8
CONVERSATION_RESUME_Alice_Leader_Ranger.txt,scaffold,0.6086591444909573,0.09188724384949219,0.40371671319007874,0.7328119874000549,8
CONVERSATION_RESUME_Lorelai_ProPeace_Ranger.txt,scaffold,0.6286863125860691,0.10370835494563313,0.3840748965740204,0.72535240650177,8
CONVERSATION_RESUME_Roxanne_Leader_Downside.txt,scaffold,0.5842274054884911,0.10920238178747371,0.35276567935943604,0.7444068193435669,8
CONVERSATION_RESUME_Tiana_AntiPeace_Ranger.txt,scaffold,0.5697969421744347,0.13987666391376824,0.23762452602386475,0.7112776637077332,8
CONVERSATION_RESUME_Ursula_AntiPeace_Downside.txt,scaffold,0.6505000256001949,0.14889249139381874,0.270773321390152,0.7472041845321655,8
CONVERSATION_RESUME_Yasmin_ProPeace_Downside.txt,scaffold,0.5900548100471497,0.14501290451740817,0.3272953927516937,0.7515245079994202,8
CONVERSATION_RESUME_Alice_Leader_Ranger.txt,scaffold,0.6153729744255543,0.11600225754221731,0.3380371630191803,0.7369319796562195,8
CONVERSATION_RESUME_Lorelai_ProPeace_Ranger.txt,scaffold,0.6239704713225365,0.1389526038200031,0.3485163748264313,0.8046180009841919,8
CONVERSATION_RESUME_Roxanne_Leader_Downside.txt,scaffold,0.57719811424613,0.12634055972211763,0.3837122619152069,0.7684628963470459,8
CONVERSATION_RESUME_Tiana_AntiPeace_Ranger.txt,scaffold,0.6191632561385632,0.13529009849120902,0.34024539589881897,0.7676462531089783,8
CONVERSATION_RESUME_Ursula_AntiPeace_Downside.txt,scaffold,0.5659272111952305,0.14339539755145372,0.25901442766189575,0.7088991403579712,8
CONVERSATION_RESUME_Yasmin_ProPeace_Downside.txt,scaffold,0.5427416637539864,0.12188283596183865,0.2612842917442322,0.669684886932373,8
CONVERSATION_RESUME_Alice_Leader_Ranger.txt,scaffold,0.6730089783668518,0.0612998193813537,0.5755831003189087,0.7967079281806946,8
CONVERSATION_RESUME_Lorelai_ProPeace_Ranger.txt,scaffold,0.6665681302547455,0.06893781279138114,0.560653567314148,0.7534793615341187,8
CONVERSATION_RESUME_Roxanne_Leader_Downside.txt,scaffold,0.6196398884057999,0.11300574739263446,0.41788047552108765,0.7612148523330688,8
CONVERSATION_RESUME_Tiana_AntiPeace_Ranger.txt,scaffold,0.6581029519438744,0.09697754702328422,0.5132210850715637,0.7823137640953064,8
CONVERSATION_RESUME_Ursula_AntiPeace_Downside.txt,scaffold,0.6185655333101749,0.12285731404787788,0.36093994975090027,0.7993203401565552,8
CONVERSATION_RESUME_Yasmin_ProPeace_Downside.txt,scaffold,0.6297765374183655,0.11065920138416539,0.45905160903930664,0.7947563529014587,8
CONVERSATION_RESUME_Alice_Leader_Ranger.txt,scaffold,0.654510997235775,0.06162801446966259,0.5353659391403198,0.7475992441177368,8
CONVERSATION_RESUME_Lorelai_ProPeace_Ranger.txt,scaffold,0.6696037352085114,0.047607582265249186,0.6052685976028442,0.7341785430908203,8
CONVERSATION_RESUME_Roxanne_Leader_Downside.txt,scaffold,0.6107267588376999,0.10229741003792128,0.4993164539337158,0.8169218897819519,8
CONVERSATION_RESUME_Tiana_AntiPeace_Ranger.txt,scaffold,0.672172024846077,0.07839793614141125,0.5210440754890442,0.7842125296592712,8
CONVERSATION_RESUME_Ursula_AntiPeace_Downside.txt,scaffold,0.695364560931921,0.13677803474441633,0.3758547008037567,0.8440470695495605,8
CONVERSATION_RESUME_Yasmin_ProPeace_Downside.txt,scaffold,0.6300405822694302,0.10518815480821275,0.4374559819698334,0.7692499160766602,8
CONVERSATION_RESUME_Alice_Leader_Ranger.txt,scaffold,0.6697852909564972,0.0779705029139137,0.5179194211959839,0.7702741026878357,8
CONVERSATION_RESUME_Lorelai_ProPeace_Ranger.txt,scaffold,0.6823962554335594,0.09172294551940333,0.508357048034668,0.7958959937095642,8
CONVERSATION_RESUME_Roxanne_Leader_Downside.txt,scaffold,0.6359610483050346,0.10232886447891702,0.5128904581069946,0.8094304800033569,8
CONVERSATION_RESUME_Tiana_AntiPeace_Ranger.txt,scaffold,0.6699379235506058,0.07645555645271157,0.5032401084899902,0.7966680526733398,8
CONVERSATION_RESUME_Ursula_AntiPeace_Downside.txt,scaffold,0.637002743780613,0.14064960484532735,0.3764208257198334,0.811880350112915,8
CONVERSATION_RESUME_Yasmin_ProPeace_Downside.txt,scaffold,0.6109292134642601,0.11875098642977462,0.4218273162841797,0.7561021447181702,8
CONVERSATION_RESUME_Alice_Leader_Ranger.txt,scaffold,0.6413825489580631,0.07543528644364737,0.4824143350124359,0.7087357640266418,8
CONVERSATION_RESUME_Lorelai_ProPeace_Ranger.txt,scaffold,0.6553389057517052,0.0837706566885201,0.45376574993133545,0.7451948523521423,8
CONVERSATION_RESUME_Roxanne_Leader_Downside.txt,scaffold,0.6144026145339012,0.06465412556266015,0.5134205222129822,0.7484367489814758,8
CONVERSATION_RESUME_Tiana_AntiPeace_Ranger.txt,scaffold,0.6416968628764153,0.07819104514292156,0.5122163891792297,0.7299179434776306,8
CONVERSATION_RESUME_Ursula_AntiPeace_Downside.txt,scaffold,0.6203852221369743,0.09326847951787307,0.4177929759025574,0.7393502593040466,8
CONVERSATION_RESUME_Yasmin_ProPeace_Downside.txt,scaffold,0.5948278680443764,0.10041105397816219,0.3955112099647522,0.7168449759483337,8
CONVERSATION_RESUME_Alice_Leader_Ranger.txt,scaffold,0.6244346797466278,0.07093108061803972,0.5078609585762024,0.6963512301445007,8
CONVERSATION_RESUME_Lorelai_ProPeace_Ranger.txt,scaffold,0.6425605863332748,0.08550887404774889,0.4466581344604492,0.747789740562439,8
CONVERSATION_RESUME_Roxanne_Leader_Downside.txt,scaffold,0.5938796475529671,0.10271561210522387,0.4076402485370636,0.6954326629638672,8
CONVERSATION_RESUME_Tiana_AntiPeace_Ranger.txt,scaffold,0.6317247115075588,0.07330400666452247,0.4870398938655853,0.7164697051048279,8
CONVERSATION_RESUME_Ursula_AntiPeace_Downside.txt,scaffold,0.6176922395825386,0.10661323027820739,0.394558310508728,0.7211102247238159,8
CONVERSATION_RESUME_Yasmin_ProPeace_Downside.txt,scaffold,0.6366004981100559,0.10089552511720108,0.3959105908870697,0.7339956760406494,8
CONVERSATION_RESUME_Alice_Leader_Ranger.txt,scaffold,0.6636728718876839,0.08511006506082704,0.48676759004592896,0.7579845786094666,8
CONVERSATION_RESUME_Lorelai_ProPeace_Ranger.txt,scaffold,0.6663046963512897,0.08076630835171074,0.46207699179649353,0.7381176352500916,8
CONVERSATION_RESUME_Roxanne_Leader_Downside.txt,scaffold,0.5992329035486493,0.08724770909847811,0.4131249785423279,0.6828112006187439,7
CONVERSATION_RESUME_Tiana_AntiPeace_Ranger.txt,scaffold,0.6564003186566489,0.07474916662788693,0.4863772690296173,0.727100670337677,7
CONVERSATION_RESUME_Ursula_AntiPeace_Downside.txt,scaffold,0.6561934385034773,0.11653919956937113,0.41446051001548767,0.7966551780700684,9
CONVERSATION_RESUME_Yasmin_ProPeace_Downside.txt,scaffold,0.6391800343990326,0.10760087498418158,0.38942959904670715,0.791588306427002,9
CONVERSATION_RESUME_Alice_Leader_Ranger.txt,scaffold,0.6042860703808921,0.06696265832996315,0.49569687247276306,0.6932421326637268,7
CONVERSATION_RESUME_Lorelai_ProPeace_Ranger.txt,scaffold,0.6183074712753296,0.10237171606134061,0.39661359786987305,0.7324908971786499,9
CONVERSATION_RESUME_Roxanne_Leader_Downside.txt,scaffold,0.5886528454720974,0.09761563884782633,0.3971472382545471,0.7105875015258789,8
CONVERSATION_RESUME_Tiana_AntiPeace_Ranger.txt,scaffold,0.6000434868037701,0.08087086720012478,0.44553616642951965,0.7027356624603271,8
CONVERSATION_RESUME_Ursula_AntiPeace_Downside.txt,scaffold,0.6096609383821487,0.08930221317572451,0.42497485876083374,0.74679034948349,8
CONVERSATION_RESUME_Yasmin_ProPeace_Downside.txt,scaffold,0.5756386741995811,0.08808680270709497,0.431751012802124,0.7215947508811951,8
CONVERSATION_RESUME_Alice_Leader_Ranger.txt,scaffold,0.630796879529953,0.07258341432320331,0.45317620038986206,0.6958171129226685,8
CONVERSATION_RESUME_Lorelai_ProPeace_Ranger.txt,scaffold,0.6174933165311813,0.09914548359648645,0.42877423763275146,0.7132822871208191,8
CONVERSATION_RESUME_Roxanne_Leader_Downside.txt,scaffold,0.6058772467076778,0.10215111806174029,0.40333715081214905,0.7421185374259949,8
CONVERSATION_RESUME_Tiana_AntiPeace_Ranger.txt,scaffold,0.5972286947071552,0.08731399925178487,0.4204183518886566,0.7516626119613647,8
CONVERSATION_RESUME_Ursula_AntiPeace_Downside.txt,scaffold,0.6496995538473129,0.12124183018179431,0.46170496940612793,0.8159829378128052,8
CONVERSATION_RESUME_Yasmin_ProPeace_Downside.txt,scaffold,0.6341284103691578,0.1213653573530275,0.3833806812763214,0.7898238897323608,8
CONVERSATION_RESUME_Alice_Leader_Ranger.txt,scaffold,0.6352061861091189,0.08784843441572034,0.49782004952430725,0.7342919111251831,9
CONVERSATION_RESUME_Lorelai_ProPeace_Ranger.txt,scaffold,0.6170009709894657,0.09120189586174943,0.42640313506126404,0.7397123575210571,8
CONVERSATION_RESUME_Roxanne_Leader_Downside.txt,scaffold,0.5913750343024731,0.10124770508848085,0.3487888276576996,0.697146475315094,8
CONVERSATION_RESUME_Tiana_AntiPeace_Ranger.txt,scaffold,0.5342149473726749,0.11221056836673819,0.36400699615478516,0.7168881893157959,8
CONVERSATION_RESUME_Ursula_AntiPeace_Downside.txt,scaffold,0.6653080955147743,0.10547371536315354,0.5265896320343018,0.8140975832939148,8
CONVERSATION_RESUME_Yasmin_ProPeace_Downside.txt,scaffold,0.6162641756236553,0.09724727682402277,0.47166940569877625,0.7543718814849854,8
