file,mode,condition,dialogrpt
CONVERSATION_RESUME_Alice_Leader_Ranger.txt,script,baseline,0.44964003190398216
CONVERSATION_RESUME_Lorelai_ProPeace_Ranger.txt,script,baseline,0.4561675637960434
CONVERSATION_RESUME_Roxanne_Leader_Downside.txt,script,baseline,0.45486163667270113
CONVERSATION_RESUME_Tiana_AntiPeace_Ranger.txt,script,baseline,0.4453057274222374
CONVERSATION_RESUME_Ursula_AntiPeace_Downside.txt,script,baseline,0.4567369148135185
CONVERSATION_RESUME_Yasmin_ProPeace_Downside.txt,script,baseline,0.44616223871707916
CONVERSATION_RESUME_Alice_Leader_Ranger.txt,script,baseline,0.45065340730879044
CONVERSATION_RESUME_Lorelai_ProPeace_Ranger.txt,script,baseline,0.4591897018253803
CONVERSATION_RESUME_Roxanne_Leader_Downside.txt,script,baseline,0.4464232325553894
CONVERSATION_RESUME_Tiana_AntiPeace_Ranger.txt,script,baseline,0.4490887299180031
CONVERSATION_RESUME_Ursula_AntiPeace_Downside.txt,script,baseline,0.4525892995297909
CONVERSATION_RESUME_Yasmin_ProPeace_Downside.txt,script,baseline,0.44455505535006523
CONVERSATION_RESUME_Alice_Leader_Ranger.txt,script,baseline,0.4523078165948391
CONVERSATION_RESUME_Lorelai_ProPeace_Ranger.txt,script,baseline,0.4504029341042042
CONVERSATION_RESUME_Roxanne_Leader_Downside.txt,script,baseline,0.45628242567181587
CONVERSATION_RESUME_Tiana_AntiPeace_Ranger.txt,script,baseline,0.44369953498244286
CONVERSATION_RESUME_Ursula_AntiPeace_Downside.txt,script,baseline,0.4477805458009243
CONVERSATION_RESUME_Yasmin_ProPeace_Downside.txt,script,baseline,0.44947485253214836
CONVERSATION_RESUME_Alice_Leader_Ranger.txt,script,baseline,0.43828045949339867
CONVERSATION_RESUME_Lorelai_ProPeace_Ranger.txt,script,baseline,0.46768466010689735
CONVERSATION_RESUME_Roxanne_Leader_Downside.txt,script,baseline,0.4402812421321869
CONVERSATION_RESUME_Tiana_AntiPeace_Ranger.txt,script,baseline,0.43130021914839745
CONVERSATION_RESUME_Ursula_AntiPeace_Downside.txt,script,baseline,0.45298152416944504
CONVERSATION_RESUME_Yasmin_ProPeace_Downside.txt,script,baseline,0.4451035372912884
CONVERSATION_RESUME_Alice_Leader_Ranger.txt,script,baseline,0.4353470467031002
CONVERSATION_RESUME_Lorelai_ProPeace_Ranger.txt,script,baseline,0.44753768667578697
CONVERSATION_RESUME_Roxanne_Leader_Downside.txt,script,baseline,0.43328752741217613
CONVERSATION_RESUME_Tiana_AntiPeace_Ranger.txt,script,baseline,0.4431575900978512
CONVERSATION_RESUME_Ursula_AntiPeace_Downside.txt,script,baseline,0.4544506924492972
CONVERSATION_RESUME_Yasmin_ProPeace_Downside.txt,script,baseline,0.4401307441294193
CONVERSATION_RESUME_Alice_Leader_Ranger.txt,script,baseline,0.441766943782568
CONVERSATION_RESUME_Lorelai_ProPeace_Ranger.txt,script,baseline,0.4470275342464447
CONVERSATION_RESUME_Roxanne_Leader_Downside.txt,script,baseline,0.4424484185874462
CONVERSATION_RESUME_Tiana_AntiPeace_Ranger.txt,script,baseline,0.4445769600570202
CONVERSATION_RESUME_Ursula_AntiPeace_Downside.txt,script,baseline,0.4580322537157271
CONVERSATION_RESUME_Yasmin_ProPeace_Downside.txt,script,baseline,0.43698473647236824
CONVERSATION_RESUME_Alice_Leader_Ranger.txt,script,baseline,0.44156960770487785
CONVERSATION_RESUME_Lorelai_ProPeace_Ranger.txt,script,baseline,0.4555432163178921
CONVERSATION_RESUME_Roxanne_Leader_Downside.txt,script,baseline,0.44860275462269783
CONVERSATION_RESUME_Tiana_AntiPeace_Ranger.txt,script,baseline,0.44917554780840874
CONVERSATION_RESUME_Ursula_AntiPeace_Downside.txt,script,baseline,0.44916220009326935
CONVERSATION_RESUME_Yasmin_ProPeace_Downside.txt,script,baseline,0.44328897446393967
CONVERSATION_RESUME_Alice_Leader_Ranger.txt,script,baseline,0.4542076215147972
CONVERSATION_RESUME_Lorelai_ProPeace_Ranger.txt,script,baseline,0.4495781473815441
CONVERSATION_RESUME_Roxanne_Leader_Downside.txt,script,baseline,0.44635462015867233
CONVERSATION_RESUME_Tiana_AntiPeace_Ranger.txt,script,baseline,0.4398631416261196
CONVERSATION_RESUME_Ursula_AntiPeace_Downside.txt,script,baseline,0.45146165043115616
CONVERSATION_RESUME_Yasmin_ProPeace_Downside.txt,script,baseline,0.4496530666947365
CONVERSATION_RESUME_Alice_Leader_Ranger.txt,script,baseline,0.44903597608208656
CONVERSATION_RESUME_Lorelai_ProPeace_Ranger.txt,script,baseline,0.45564260706305504
CONVERSATION_RESUME_Roxanne_Leader_Downside.txt,script,baseline,0.44366129487752914
CONVERSATION_RESUME_Tiana_AntiPeace_Ranger.txt,script,baseline,0.43808234855532646
CONVERSATION_RESUME_Ursula_AntiPeace_Downside.txt,script,baseline,0.45101793482899666
CONVERSATION_RESUME_Yasmin_ProPeace_Downside.txt,script,baseline,0.45060480013489723
CONVERSATION_RESUME_Alice_Leader_Ranger.txt,script,baseline,0.4480769485235214
CONVERSATION_RESUME_Lorelai_ProPeace_Ranger.txt,script,baseline,0.45085225254297256
CONVERSATION_RESUME_Roxanne_Leader_Downside.txt,script,baseline,0.44595376029610634
CONVERSATION_RESUME_Tiana_AntiPeace_Ranger.txt,script,baseline,0.4484821446239948
CONVERSATION_RESUME_Ursula_AntiPeace_Downside.txt,script,baseline,0.45805634558200836
CONVERSATION_RESUME_Yasmin_ProPeace_Downside.txt,script,baseline,0.4472198598086834
CONVERSATION_RESUME_Alice_Leader_Ranger.txt,script,baseline,0.4453049898147583
CONVERSATION_RESUME_Lorelai_ProPeace_Ranger.txt,script,baseline,0.45913688465952873
CONVERSATION_RESUME_Roxanne_Leader_Downside.txt,script,baseline,0.45091408863663673
CONVERSATION_RESUME_Tiana_AntiPeace_Ranger.txt,script,baseline,0.4469323419034481
CONVERSATION_RESUME_Ursula_AntiPeace_Downside.txt,script,baseline,0.445475559681654
CONVERSATION_RESUME_Yasmin_ProPeace_Downside.txt,script,baseline,0.4437635913491249
CONVERSATION_RESUME_Alice_Leader_Ranger.txt,script,baseline,0.4452754259109497
CONVERSATION_RESUME_Lorelai_ProPeace_Ranger.txt,script,baseline,0.44751688838005066
CONVERSATION_RESUME_Roxanne_Leader_Downside.txt,script,baseline,0.4441971331834793
CONVERSATION_RESUME_Tiana_AntiPeace_Ranger.txt,script,baseline,0.4363315515220165
CONVERSATION_RESUME_Ursula_AntiPeace_Downside.txt,script,baseline,0.4487311355769634
CONVERSATION_RESUME_Yasmin_ProPeace_Downside.txt,script,baseline,0.44310158491134644
CONVERSATION_RESUME_Alice_Leader_Ranger.txt,script,scaffold,0.461105540394783
CONVERSATION_RESUME_Lorelai_ProPeace_Ranger.txt,script,scaffold,0.43847350279490155
CONVERSATION_RESUME_Roxanne_Leader_Downside.txt,script,scaffold,0.4411463104188442
CONVERSATION_RESUME_Tiana_AntiPeace_Ranger.txt,script,scaffold,0.4432358965277672
CONVERSATION_RESUME_Ursula_AntiPeace_Downside.txt,script,scaffold,0.4583934582769871
CONVERSATION_RESUME_Yasmin_ProPeace_Downside.txt,script,scaffold,0.4388088174164295
CONVERSATION_RESUME_Alice_Leader_Ranger.txt,script,scaffold,0.44797366484999657
CONVERSATION_RESUME_Lorelai_ProPeace_Ranger.txt,script,scaffold,0.43645089492201805
CONVERSATION_RESUME_Roxanne_Leader_Downside.txt,script,scaffold,0.44642770290374756
CONVERSATION_RESUME_Tiana_AntiPeace_Ranger.txt,script,scaffold,0.43847956880927086
CONVERSATION_RESUME_Ursula_AntiPeace_Downside.txt,script,scaffold,0.4569316431879997
CONVERSATION_RESUME_Yasmin_ProPeace_Downside.txt,script,scaffold,0.4462677128612995
CONVERSATION_RESUME_Alice_Leader_Ranger.txt,script,scaffold,0.46214182674884796
CONVERSATION_RESUME_Lorelai_ProPeace_Ranger.txt,script,scaffold,0.447299025952816
CONVERSATION_RESUME_Roxanne_Leader_Downside.txt,script,scaffold,0.4507623389363289
CONVERSATION_RESUME_Tiana_AntiPeace_Ranger.txt,script,scaffold,0.44846776872873306
CONVERSATION_RESUME_Ursula_AntiPeace_Downside.txt,script,scaffold,0.44247762113809586
CONVERSATION_RESUME_Yasmin_ProPeace_Downside.txt,script,scaffold,0.442232858389616
CONVERSATION_RESUME_Alice_Leader_Ranger.txt,script,scaffold,0.4480384513735771
CONVERSATION_RESUME_Lorelai_ProPeace_Ranger.txt,script,scaffold,0.4635387063026428
CONVERSATION_RESUME_Roxanne_Leader_Downside.txt,script,scaffold,0.4364320635795593
CONVERSATION_RESUME_Tiana_AntiPeace_Ranger.txt,script,scaffold,0.4546736441552639
CONVERSATION_RESUME_Ursula_AntiPeace_Downside.txt,script,scaffold,0.46286849677562714
CONVERSATION_RESUME_Yasmin_ProPeace_Downside.txt,script,scaffold,0.45463311672210693
CONVERSATION_RESUME_Alice_Leader_Ranger.txt,script,scaffold,0.4502618908882141
CONVERSATION_RESUME_Lorelai_ProPeace_Ranger.txt,script,scaffold,0.4506996236741543
CONVERSATION_RESUME_Roxanne_Leader_Downside.txt,script,scaffold,0.44584349542856216
CONVERSATION_RESUME_Tiana_AntiPeace_Ranger.txt,script,scaffold,0.4519246183335781
CONVERSATION_RESUME_Ursula_AntiPeace_Downside.txt,script,scaffold,0.4576730504631996
CONVERSATION_RESUME_Yasmin_ProPeace_Downside.txt,script,scaffold,0.4497068449854851
CONVERSATION_RESUME_Alice_Leader_Ranger.txt,script,scaffold,0.45217857137322426
CONVERSATION_RESUME_Lorelai_ProPeace_Ranger.txt,script,scaffold,0.44910861551761627
CONVERSATION_RESUME_Roxanne_Leader_Downside.txt,script,scaffold,0.44051768258213997
CONVERSATION_RESUME_Tiana_AntiPeace_Ranger.txt,script,scaffold,0.4607572965323925
CONVERSATION_RESUME_Ursula_AntiPeace_Downside.txt,script,scaffold,0.46084412932395935
CONVERSATION_RESUME_Yasmin_ProPeace_Downside.txt,script,scaffold,0.44938910380005836
CONVERSATION_RESUME_Alice_Leader_Ranger.txt,script,scaffold,0.44381314516067505
CONVERSATION_RESUME_Lorelai_ProPeace_Ranger.txt,script,scaffold,0.4468902125954628
CONVERSATION_RESUME_Roxanne_Leader_Downside.txt,script,scaffold,0.45466893911361694
CONVERSATION_RESUME_Tiana_AntiPeace_Ranger.txt,script,scaffold,0.4381648190319538
CONVERSATION_RESUME_Ursula_AntiPeace_Downside.txt,script,scaffold,0.46034765243530273
CONVERSATION_RESUME_Yasmin_ProPeace_Downside.txt,script,scaffold,0.4547536298632622
CONVERSATION_RESUME_Alice_Leader_Ranger.txt,script,scaffold,0.44138530641794205
CONVERSATION_RESUME_Lorelai_ProPeace_Ranger.txt,script,scaffold,0.4519216939806938
CONVERSATION_RESUME_Roxanne_Leader_Downside.txt,script,scaffold,0.4650668203830719
CONVERSATION_RESUME_Tiana_AntiPeace_Ranger.txt,script,scaffold,0.45066288858652115
CONVERSATION_RESUME_Ursula_AntiPeace_Downside.txt,script,scaffold,0.46304821968078613
CONVERSATION_RESUME_Yasmin_ProPeace_Downside.txt,script,scaffold,0.4502597823739052
CONVERSATION_RESUME_Alice_Leader_Ranger.txt,script,scaffold,0.46313367038965225
CONVERSATION_RESUME_Lorelai_ProPeace_Ranger.txt,script,scaffold,0.44308261200785637
CONVERSATION_RESUME_Roxanne_Leader_Downside.txt,script,scaffold,0.4824603199958801
CONVERSATION_RESUME_Tiana_AntiPeace_Ranger.txt,script,scaffold,0.45059829524585177
CONVERSATION_RESUME_Ursula_AntiPeace_Downside.txt,script,scaffold,0.4627096288734012
CONVERSATION_RESUME_Yasmin_ProPeace_Downside.txt,script,scaffold,0.45374011331134373
CONVERSATION_RESUME_Alice_Leader_Ranger.txt,script,scaffold,0.4562323306288038
CONVERSATION_RESUME_Lorelai_ProPeace_Ranger.txt,script,scaffold,0.4432763457298279
CONVERSATION_RESUME_Roxanne_Leader_Downside.txt,script,scaffold,0.4585949592292309
CONVERSATION_RESUME_Tiana_AntiPeace_Ranger.txt,script,scaffold,0.45029664412140846
CONVERSATION_RESUME_Ursula_AntiPeace_Downside.txt,script,scaffold,0.45598384365439415
CONVERSATION_RESUME_Yasmin_ProPeace_Downside.txt,script,scaffold,0.45713741704821587
CONVERSATION_RESUME_Alice_Leader_Ranger.txt,script,scaffold,0.4585556462407112
CONVERSATION_RESUME_Lorelai_ProPeace_Ranger.txt,script,scaffold,0.4559950828552246
CONVERSATION_RESUME_Roxanne_Leader_Downside.txt,script,scaffold,0.46369577944278717
CONVERSATION_RESUME_Tiana_AntiPeace_Ranger.txt,script,scaffold,0.447768971323967
CONVERSATION_RESUME_Ursula_AntiPeace_Downside.txt,script,scaffold,0.4804316274821758
CONVERSATION_RESUME_Yasmin_ProPeace_Downside.txt,script,scaffold,0.44196005910634995
CONVERSATION_RESUME_Alice_Leader_Ranger.txt,script,scaffold,0.4562753472063277
CONVERSATION_RESUME_Lorelai_ProPeace_Ranger.txt,script,scaffold,0.4509252943098545
CONVERSATION_RESUME_Roxanne_Leader_Downside.txt,script,scaffold,0.4723257012665272
CONVERSATION_RESUME_Tiana_AntiPeace_Ranger.txt,script,scaffold,0.4451230838894844
CONVERSATION_RESUME_Ursula_AntiPeace_Downside.txt,script,scaffold,0.4539633207023144
CONVERSATION_RESUME_Yasmin_ProPeace_Downside.txt,script,scaffold,0.46285921335220337
CONVERSATION_RESUME_Alice_Leader_Ranger.txt,free,baseline,0.4867155172608115
CONVERSATION_RESUME_Lorelai_ProPeace_Ranger.txt,free,baseline,0.4795163333415985
CONVERSATION_RESUME_Roxanne_Leader_Downside.txt,free,baseline,0.49420873324076336
CONVERSATION_RESUME_Tiana_AntiPeace_Ranger.txt,free,baseline,0.48509074151515963
CONVERSATION_RESUME_Ursula_AntiPeace_Downside.txt,free,baseline,0.4876911580562592
CONVERSATION_RESUME_Yasmin_ProPeace_Downside.txt,free,baseline,0.5067783859041002
CONVERSATION_RESUME_Alice_Leader_Ranger.txt,free,baseline,0.484164759516716
CONVERSATION_RESUME_Lorelai_ProPeace_Ranger.txt,free,baseline,0.4823560774326324
CONVERSATION_RESUME_Roxanne_Leader_Downside.txt,free,baseline,0.48938785791397094
CONVERSATION_RESUME_Tiana_AntiPeace_Ranger.txt,free,baseline,0.4796165436506271
CONVERSATION_RESUME_Ursula_AntiPeace_Downside.txt,free,baseline,0.48122015843788785
CONVERSATION_RESUME_Yasmin_ProPeace_Downside.txt,free,baseline,0.48150064796209335
CONVERSATION_RESUME_Alice_Leader_Ranger.txt,free,baseline,0.48784937858581545
CONVERSATION_RESUME_Lorelai_ProPeace_Ranger.txt,free,baseline,0.48253062963485716
CONVERSATION_RESUME_Roxanne_Leader_Downside.txt,free,baseline,0.4865458756685257
CONVERSATION_RESUME_Tiana_AntiPeace_Ranger.txt,free,baseline,0.48061516880989075
CONVERSATION_RESUME_Ursula_AntiPeace_Downside.txt,free,baseline,0.4968259334564209
CONVERSATION_RESUME_Yasmin_ProPeace_Downside.txt,free,baseline,0.48261074125766756
CONVERSATION_RESUME_Alice_Leader_Ranger.txt,free,scaffold,0.49305413365364076
CONVERSATION_RESUME_Lorelai_ProPeace_Ranger.txt,free,scaffold,0.49290030598640444
CONVERSATION_RESUME_Roxanne_Leader_Downside.txt,free,scaffold,0.48181903064250947
CONVERSATION_RESUME_Tiana_AntiPeace_Ranger.txt,free,scaffold,0.47302287485864425
CONVERSATION_RESUME_Ursula_AntiPeace_Downside.txt,free,scaffold,0.5047528684139252
CONVERSATION_RESUME_Yasmin_ProPeace_Downside.txt,free,scaffold,0.4912176728248596
CONVERSATION_RESUME_Alice_Leader_Ranger.txt,free,scaffold,0.5039360791444778
CONVERSATION_RESUME_Lorelai_ProPeace_Ranger.txt,free,scaffold,0.4922807758504694
CONVERSATION_RESUME_Roxanne_Leader_Downside.txt,free,scaffold,0.48423837423324584
CONVERSATION_RESUME_Tiana_AntiPeace_Ranger.txt,free,scaffold,0.4863963154229251
CONVERSATION_RESUME_Ursula_AntiPeace_Downside.txt,free,scaffold,0.4886928038163619
CONVERSATION_RESUME_Yasmin_ProPeace_Downside.txt,free,scaffold,0.5053865437706312
CONVERSATION_RESUME_Alice_Leader_Ranger.txt,free,scaffold,0.4833856721719106
CONVERSATION_RESUME_Lorelai_ProPeace_Ranger.txt,free,scaffold,0.47331816554069517
CONVERSATION_RESUME_Roxanne_Leader_Downside.txt,free,scaffold,0.48272175590197247
CONVERSATION_RESUME_Tiana_AntiPeace_Ranger.txt,free,scaffold,0.4702230448072607
CONVERSATION_RESUME_Ursula_AntiPeace_Downside.txt,free,scaffold,0.46967791427265515
CONVERSATION_RESUME_Yasmin_ProPeace_Downside.txt,free,scaffold,0.49708710776435006
